<?xml version="1.0" encoding="UTF-8" standalone="yes"?>
<metadatiFattura xmlns="urn:xml.fatturazione.sogei.it">
    <metadato>
        <nome>idfile</nome>
        <valore>2504483992</valore>
    </metadato>
    <metadato>
        <nome>dataaccoglienza</nome>
        <valore>2020-02-11T22:30:20.000+01:00</valore>
    </metadato>
    <metadato>
        <nome>oggetto</nome>
        <valore>2504483992 - 2020-02-11T22:30:20.000+01:00 - 01056960329 - 02863660359 numero fatture: 1</valore>
    </metadato>
    <metadato>
        <nome>hashfile</nome>
        <valore>75c5ab28987f46726e7769e0c3f712276da3dd25fbc81fd1ae36166e530e7785</valore>
    </metadato>
    <metadato>
        <nome>tipodocumento</nome>
        <valore>FATTURA ELETTRONICA</valore>
    </metadato>
    <metadato>
        <nome>formatofattura</nome>
        <valore>FPR</valore>
    </metadato>
    <metadato>
        <nome>versionexsd</nome>
        <valore>FPR12</valore>
    </metadato>
    <metadato>
        <nome>cedentepiva</nome>
        <valore>01056960329</valore>
    </metadato>
    <metadato>
        <nome>cedentecf</nome>
        <valore>01056960329</valore>
    </metadato>
    <metadato>
        <nome>cedentedenominazione</nome>
        <valore>MOVENDO SRL S.U.</valore>
    </metadato>
    <metadato>
        <nome>cessionariopiva</nome>
        <valore>02863660359</valore>
    </metadato>
    <metadato>
        <nome>cessionariocf</nome>
        <valore>01591110356</valore>
    </metadato>
    <metadato>
        <nome>cessionariodenominazione</nome>
        <valore>IREN AMBIENTE SPA</valore>
    </metadato>
    <metadato>
        <nome>nomefile</nome>
        <valore>IT01591110356_00DED.xml.p7m</valore>
    </metadato>
    <metadato>
        <nome>tipofirma</nome>
        <valore>Cades</valore>
    </metadato>
    <metadato>
        <nome>soggettotrasmittente</nome>
        <valore>SDI-07129470014</valore>
    </metadato>
    <metadato>
        <nome>dataemissioneminima</nome>
        <valore>2020-01-16T00:00:00.000+01:00</valore>
    </metadato>
    <metadato>
        <nome>dataemissionemassima</nome>
        <valore>2020-01-16T00:00:00.000+01:00</valore>
    </metadato>
    <metadato>
        <nome>canaletrasmissione</nome>
        <valore>Web Service</valore>
    </metadato>
    <metadato>
        <nome>idregistro</nome>
        <valore>246910881/2020</valore>
    </metadato>
    <metadato>
        <nome>numerofatture</nome>
        <valore>1</valore>
    </metadato>
    <metadato>
        <nome>hashrigaraccolta</nome>
        <valore>fcb5ffd31dc5bd9ae9085ee0db368db8d4057f0970351ecfa9752640656c434c</valore>
    </metadato>
</metadatiFattura>
