<?xml version="1.0" encoding="UTF-8" standalone="yes"?>
<metadatiFattura xmlns="urn:xml.fatturazione.sogei.it">
    <metadato>
        <nome>idfile</nome>
        <valore>2504455425</valore>
    </metadato>
    <metadato>
        <nome>dataaccoglienza</nome>
        <valore>2020-02-11T22:19:56.000+01:00</valore>
    </metadato>
    <metadato>
        <nome>oggetto</nome>
        <valore>2504455425 - 2020-02-11T22:19:56.000+01:00 - 10537050964 - 02863660359 numero fatture: 1</valore>
    </metadato>
    <metadato>
        <nome>hashfile</nome>
        <valore>b3835d9e316f921c7a58ed11fc2df63c84fc26375190de0dd8a9befd1d4e60d2</valore>
    </metadato>
    <metadato>
        <nome>tipodocumento</nome>
        <valore>FATTURA ELETTRONICA</valore>
    </metadato>
    <metadato>
        <nome>formatofattura</nome>
        <valore>FPR</valore>
    </metadato>
    <metadato>
        <nome>versionexsd</nome>
        <valore>FPR12</valore>
    </metadato>
    <metadato>
        <nome>cedentepiva</nome>
        <valore>10537050964</valore>
    </metadato>
    <metadato>
        <nome>cedentecf</nome>
        <valore>03090380233</valore>
    </metadato>
    <metadato>
        <nome>cedentedenominazione</nome>
        <valore>Tecmarket Servizi Spa</valore>
    </metadato>
    <metadato>
        <nome>cessionariopiva</nome>
        <valore>02863660359</valore>
    </metadato>
    <metadato>
        <nome>cessionariocf</nome>
        <valore>07129470014</valore>
    </metadato>
    <metadato>
        <nome>cessionariodenominazione</nome>
        <valore>IREN S.P.A.</valore>
    </metadato>
    <metadato>
        <nome>nomefile</nome>
        <valore>IT07129470014_00D4b.xml.p7m</valore>
    </metadato>
    <metadato>
        <nome>tipofirma</nome>
        <valore>Cades</valore>
    </metadato>
    <metadato>
        <nome>soggettotrasmittente</nome>
        <valore>SDI-07129470014</valore>
    </metadato>
    <metadato>
        <nome>dataemissioneminima</nome>
        <valore>2020-01-20T00:00:00.000+01:00</valore>
    </metadato>
    <metadato>
        <nome>dataemissionemassima</nome>
        <valore>2020-01-20T00:00:00.000+01:00</valore>
    </metadato>
    <metadato>
        <nome>canaletrasmissione</nome>
        <valore>Web Service</valore>
    </metadato>
    <metadato>
        <nome>idregistro</nome>
        <valore>246878866/2020</valore>
    </metadato>
    <metadato>
        <nome>numerofatture</nome>
        <valore>1</valore>
    </metadato>
    <metadato>
        <nome>hashrigaraccolta</nome>
        <valore>1cb3b90c83d39b891e4915e383569d9f5abee440e5e1396a3c26bc8d3ebdf24f</valore>
    </metadato>
</metadatiFattura>
